"current_category";"current_subcategory";"current_subcategory2";"item_count";"corrected_category";"corrected_subcategory";"corrected_subcategory2";"category_sort_order";"subcategory_sort_order";"notes"
"Accessories";"";"";"1";"";"";"";"";"";""
"Bags";"";"";"52";"";"";"";"";"";""
"Capes";"";"";"579";"";"";"";"";"";""
"Chest Armor";"";"";"1055";"";"";"";"";"";""
"Foot Armor";"";"";"1044";"";"";"";"";"";""
"Head Armor";"";"";"1090";"";"";"";"";"";""
"Off-Hands";"";"";"560";"";"";"";"";"";""
"Other";"";"";"3644";"";"";"";"";"";""
"Weapons";"";"";"4034";"";"";"";"";"";""
